   14.191865   17.868602   31.155205   37.697958   40.406447   47.649553   48.802764   51.700241   55.299521   57.006893   57.677177   62.974538   65.610537   68.333520   73.390525   79.390174   82.030288   86.119824;
   17.682793   22.952867   27.819745   29.998730   34.473481   38.555263   40.441803   47.017039   47.905699   49.944358   52.166460   52.336479   66.689459   67.301013   78.075741   85.179394   93.376896   94.457807   95.117916   96.518080;
    5.309899   12.552902   26.457810   29.415528   36.614713   39.275780   42.302443   44.182940   51.193017   57.055537   58.052137   61.353704   63.169941   64.868080   66.981940   77.943337   87.971849   90.478662   91.026758;
    1.435717    3.296488    3.945440   10.386925   16.927490   17.084899   20.797618   20.898539   22.435223   31.595920   33.230123   47.424664   53.004777   57.249426   66.702990   70.128029   74.135577   75.390411   77.490640   77.918937   84.120695   86.806811   88.527537   97.681395;
    7.320127   11.309723   12.197442   13.824893   33.149247   33.396097   44.817864   48.376011   59.857588   61.718812   71.344436   72.572171   79.964936   81.328982   82.149296   99.111558;
    9.687387   26.253929   37.361615   37.503576   40.447926   43.365616   44.978351   45.159831   47.754562   49.095574   50.917806   51.202137   51.910142   52.889755   70.703301   71.052191   80.653593   88.043651   91.154058   94.228415   94.756343;
    1.923570    2.346675    7.382578   18.899086   20.979880   22.104094   26.122213   27.477285   33.243565   37.695990   40.068672   45.605868   61.737136   62.458047   63.563140   69.672986   75.375652;
    0.879881    7.415703    8.239223    8.321057    9.325895   14.621259   15.471438   17.415162   22.533054   32.903801   40.338732   41.993882   48.861737   54.874295   63.185465   65.484340   65.655067   66.091952   73.069585   73.469052   75.726673   81.134747   84.928719   86.059034   86.695769   90.172982;
    3.764816    5.761860    9.343832   20.150063   21.374697   22.866357   27.662933   30.225269   42.093187   42.786822   50.579907   57.224592   62.479208   71.238543   72.528624   74.556698   88.350640   89.729210;
    0.856954    3.599035    5.114162    9.275001   10.910845   13.709342   20.550105   21.924229   25.212971   26.474286   27.861338   29.545920   33.952660   40.433520   42.964339   43.491336   44.488905   48.620734   48.758791   56.269948   56.501663   66.663921   69.295544   71.233166   71.844227   74.334248   76.026941   90.388751   92.363230;
    3.579220    3.809206    6.170234   17.424294   17.794859   26.466554   30.242146   32.462338   34.143307   37.412979   38.938290   45.166950   63.136781   73.710935   77.066884   79.169323   85.176973   87.417178;
    0.190801    0.823948    7.293430   14.069492   25.867191   27.887715   38.273247   45.726626   46.006670   49.914066   50.808371   52.024678   52.453157   53.362238   55.589576   68.065171   68.115114   70.770341   76.853685   77.088926   81.092242   84.618413   98.307507;
    2.309925    8.357651   11.875211   27.458580   32.711903   35.805692   43.236132   44.644147   48.380026   50.207844   51.814504   79.948543   81.650726   88.285443   94.057723;
    3.869599   12.205172   12.632222   25.982353   30.844855   38.897701   39.527283   41.960115   46.119584   46.666936   52.243331   57.085813   65.981070   72.941993   81.806435   93.398219;
   10.228587   15.277536   20.407515   29.524422   30.098886   31.840476   39.206688   40.249415   42.264961   42.323289   43.782858   44.506618   46.880704   51.658651   60.834089   63.542727   64.366427   65.663220   67.212082   74.002433   75.558973   78.630332   79.322115   81.040661   81.162898   83.557034   94.581535   95.498198;
    0.784259    2.992754   16.285234   19.741961   33.610022   33.681523   46.633004   48.314843   52.578161   55.059131   60.671774   66.909328   74.319138   84.101946   86.550239   87.170461   90.262785   92.799185   93.808802;
    3.349787    7.955599   15.263571   16.390010   31.029820   39.537828   39.545743   41.612260   49.355589   55.270574   56.033667   56.171080   60.173035   60.305554   69.554609   88.618228   89.447612;
   18.715275   26.500145   40.875230   44.524583   52.090110   57.758169   70.048505   73.195782   73.557322   77.564016   82.949225   88.334586   91.505567   93.203817   94.694535;
    0.362423    7.709582   11.078009   23.710266   26.007550   31.355681   34.991586   37.686472   46.305303   49.942470   63.717265   68.673028   69.267205   77.599864   79.861157   80.514426   88.488730   96.850533   97.733273;
    2.289697    3.292259    3.409030   23.025137   24.798304   48.834767   57.135571   59.465885   71.316811   83.092854   84.541380   85.854569   93.845482;
    7.102496    9.930375   10.084147   10.484204   10.959997   13.520752   15.432166   24.069052   31.695928   35.958039   44.508203   44.618031   54.551793   60.485931   65.993911   72.864912   73.910897   81.560476   97.978017   99.850109;
    8.439314   22.852114   24.071864   29.127610   37.307266   38.025576   45.487436   47.231279   72.841177   79.105185   98.162769;
    2.344646   14.210023   14.596809   31.125641   37.188185   42.552702   48.163136   51.167826   57.352281   62.292269   64.073506   69.169585   84.185594   87.606950   91.151408;
    8.423133   10.971292   15.821832   24.741663   25.541181   32.026945   36.927877   40.365347   48.105551   62.226286   65.268873;
    6.296900    6.380455    9.668683   16.203644   26.101511   37.384276   40.729681   44.165827   51.909054   55.338733   64.040398   72.283007   87.432053   89.474214;
    9.857562   21.110818   22.894613   24.655000   32.869830   36.012679   40.205465   42.011907   50.220672   53.719030   58.493423   60.366271   65.725919   85.459061   94.218654;
    8.518428   10.641764   14.019333   23.345351   28.177162   29.324844   30.527678   38.412038   38.523133   46.315595   68.484250   70.481700   77.460015   78.492513   98.331569;
    0.037493    6.231382   12.104058   36.729094   46.500730   52.338746   58.496464   62.357406   63.598943   84.009756   84.893442   92.656959   98.533266;
   24.177352   41.203796   50.322880   55.959679   57.503923   63.821913   64.597341   67.336194   68.849025   71.647837   72.086138   74.095115   78.725506   83.551439   84.271924   90.267454   90.621818   93.242200;
    4.550929    9.102736   10.990811   22.685746   32.762403   36.881921   37.586639   43.472714   62.194278   66.070633   70.478220   79.191067   92.785626   95.571745   96.440642   99.957335;
    5.925350    7.154863   10.155097   10.962602   14.228421   17.587368   20.016511   31.197898   32.588763   37.371226   41.989627   43.092339   57.363468   62.948778   66.594181   68.459347   73.583701   88.745041   89.844874   91.636249;
    1.374027    2.268068    5.630023   13.889742   19.659055   20.290136   28.001360   28.339210   31.356251   32.203772   34.599082   55.553563   60.200886   64.255434   66.752307   73.838937   75.491186   80.577218   87.090059   91.331695   93.142023   97.160225;
    0.939430    5.670586   18.121216   22.321647   22.861011   36.542086   36.660971   36.661961   54.188787   54.808159   61.054320   72.149989   80.633920   81.565824   83.955095   89.275486   89.819992   89.929005   92.349421   99.372089;
    0.569860    4.332262    5.703216    6.014472    7.293011   10.716757   20.331973   21.880285   22.874545   24.174865   29.055685   31.941151   36.526028   38.962400   39.746482   49.516651   49.903161   50.834985   52.240077   60.424252   66.018895   66.621918   68.251196   77.808062   78.664678   80.099776   82.949009   84.963452   85.368694   87.916333   91.598441   94.391267   95.423990;
    5.179078    6.435236    9.865681   10.935288   12.783546   21.805731   23.780062   36.617374   43.394238   43.845702   51.731519   75.030173   77.528932   88.823707;
    2.766852    5.776376    7.075908    7.832173   17.530266   22.200157   25.815078   40.911166   42.921450   44.533024   47.251996   49.991976   52.973529   59.950174   62.611148   63.926416   65.862208   82.192841   85.490841   91.626431   94.388116;
    0.633305    8.386576    9.124986   12.330518   14.351375   14.547874   22.979502   49.664992   55.178348   55.281723   64.018082   69.497706   69.562929   75.291283   79.224975   90.662978   91.667780   93.888144;
    4.357661    4.840098    5.277349    6.319450   14.495518   16.580309   32.227488   32.873208   39.069765   39.532664   41.930868   43.384509   54.879145   64.134348   66.756945   72.398420   77.147703   77.904702   79.098557   83.567603   83.739956   93.957598   94.439874;
    1.600611   13.548430   16.674628   28.458491   37.388700   40.198183   45.950888   48.939783   51.670612   53.816331   59.551350   66.445262   74.853272   87.263965   87.761798   90.631393   93.224679   93.446726   93.574275   98.643978   99.219402   99.705783   99.951233;
    2.281463    6.547047   18.609064   19.671114   20.117492   20.364689   21.149782   22.901270   25.845456   44.191263   53.751319   57.912486   68.179957   69.477852   71.168777   74.630343   78.091238   78.131916   82.048192   93.100467   93.741735;
    7.585169    7.991592   13.439986   23.909627   27.196608   28.838625   35.966871   36.619938   48.957887   49.688847   53.440683   53.959656   55.268529   58.789527   58.857017   61.606528   91.836547   93.525586;
   29.545123   30.263219   32.177810   38.746166   43.371872   51.281804   52.427196   59.732215   62.173057   67.457993   76.597179   76.789465   82.255363   85.852982   88.074381   93.255250;
    7.258140   31.479923   51.738748   53.327904   55.836969   56.786719   57.691384   58.961983   60.202721   62.937206   71.208805   72.175564   76.876784   78.652907   79.166952   82.907304   83.157029   88.000614   95.858982   99.453360;
   10.046009   14.310471   28.489198   30.207820   38.361744   39.783582   41.542791   55.038197   62.968194   66.613558   81.565729;
    0.178328    0.843986    8.137255   15.303534   18.720616   35.740351   38.071137   40.040927   42.581871   45.707029   46.031125   47.744978   48.092598   51.176465   52.301532   52.861453   57.797342   58.130498   60.058407   65.490032   77.598625   78.115015   80.798909   82.610513   91.364927   92.049653   98.716463   98.930010;
   10.212182   15.490865   28.728566   34.294449   49.010640   56.288780   60.262425   72.120600   78.854302   88.080420   92.695140   96.786856;
    6.457200    7.397590    8.493280   14.116633   17.801505   19.958085   23.843843   28.256227   33.321771   39.418287   49.617220   51.302590   53.419200   63.520588   66.840333   75.218413   80.504905   85.271984   88.039542   88.575412   89.303726   91.557055;
    2.315122    6.242286   10.214103   16.669825   20.345634   24.427269   25.773806   26.943087   33.942381   47.955471   48.854550   52.687718   54.756836   55.044609   56.617438   59.552316   66.981958   67.678629   85.884138   94.249160   95.943989   98.321195;
    0.206642    2.180936   20.075213   21.396968   27.909154   28.948680   38.361921   40.706607   66.602116   69.768232   72.083510   73.538370   90.451164   94.296782   96.245966   97.932773;
    1.492729    4.541374   11.430262   18.224811   18.456848   25.238566   29.320931   44.824216   47.574700   48.255244   50.603588   59.137266   66.008638   66.081168   70.850243   75.795277   79.789322   95.156531;
    7.511588    8.814538   13.010953   18.900161   19.271021   19.349124   26.244417   28.273713   31.715187   34.966706   41.560295   43.796979   44.105929   81.736486   97.375379;
    6.516506    8.213878    8.857835   17.363328   21.421842   27.735854   29.018168   29.740253   57.992189   60.511302   61.807309   73.585904   75.289701   82.642563   87.770412   93.486968   99.759925;
    2.669733   10.370582   12.708276   13.889205   14.954265   18.224993   21.013970   32.436666   34.748516   38.243021   38.509768   38.886610   40.855787   42.207664   47.127548   63.400740   65.822722   94.400877;
    5.400486   12.589866   13.684278   15.511611   18.477520   20.941519   23.639879   32.931769   41.993698   46.470412   46.528443   51.815153   55.202815   63.940927   65.725176   74.047854   83.575974   86.039612   86.857241   87.378240   92.605831   94.897959   99.214081;
    2.928876    5.812958    6.612733    7.874082   23.887518   32.833728   33.313520   34.590705   41.081284   41.549750   54.513480   59.524150   69.340570   69.587201   81.278148   81.399086   84.565221   88.297089   94.682173   99.431737;
    0.676135    3.412406    5.987253   10.989570   13.947353   17.235120   20.638338   21.103309   23.198931   25.740367   26.068874   39.098764   40.484890   49.681814   61.518121   65.865357   69.078703   75.455543   77.019118   79.832184   80.756064   84.226569   95.039207   98.497113;
    6.360510    8.110901   14.396415   30.341217   32.382462   45.634355   49.720929   50.619282   53.274156   65.221532   68.712818   69.853871   70.246617   70.510719   78.513952   80.238819   85.962553   92.253076   94.043728;
   12.610993   15.563964   16.116292   16.757015   20.431003   23.129000   25.741376   51.143546   54.847096   56.625430   58.536161   64.297695   72.300060   76.473430   77.233519   85.957941   88.838276   96.687990   98.588086   99.496825;
    1.761423    5.333401    6.912127   14.235221   14.866642   15.361465   33.281595   39.281053   44.315421   49.026124   56.628356   68.075411   73.988013   86.251331   90.927494   92.315687   94.051301   97.343414   99.346615;
    6.771971   18.511284   21.252818   27.275485   33.504325   36.702004   38.054922   41.057319   49.675274   49.683621   51.568756   63.666310   65.010790   71.005247   71.346203   71.555902   73.048962   80.018477   84.959542   88.628935   90.349560   90.531298   99.388270;
    2.704883   17.773071   20.958285   27.483467   33.520854   39.404940   43.355244   44.122009   47.493964   49.189008   51.164190   52.471103   55.671135   56.196032   59.745849   63.828151   75.661984   80.403192   80.797642   81.138454   81.691138;
    1.696816   13.230189   15.058662   20.234767   25.446992   32.612971   33.020391   34.745474   35.118299   37.405488   38.544480   38.701686   38.879304   51.943583   60.716441   60.927387   66.677610   75.498857   77.943547   83.927225;
    1.200112   11.351780   15.427518   24.536813   32.535584   34.468827   37.885823   59.787083   62.043697   62.375845   79.093386   85.177235   94.369209   98.877095   99.476951   99.827858;
    2.255679   22.892307   33.080011   38.022467   39.232244   39.469340   41.990387   43.295909   45.493226   60.764076   63.860491   67.535145   74.565899   83.139480   87.784298   88.431633   91.640832   92.612580   95.259114   95.265854   95.838199   98.088069   98.755021;
   10.021447   10.769652   19.310164   27.130783   29.219312   31.653524   31.993958   54.893022   57.873789   63.107463   73.251067   74.925439   81.981046   88.355086;
    0.366527    0.467567    1.803717    4.573304   13.122326   13.796098   28.255091   31.964005   37.721319   37.915054   47.740181   51.344515   55.813295   65.316815   71.137848   75.408136   80.598825   80.980599   83.249221   84.979597   87.841949   89.601905   89.674516   90.947903   92.881598   94.634305;
    2.198450    8.579955    8.809728    9.858735   10.979499   27.081678   28.472563   29.104907   40.135129   43.950597   45.867651   47.010947   50.121455   50.822941   69.448459   71.087214   75.113537   87.565333   87.723632   89.540041;
    1.848291    5.024161    6.547905    6.784917   13.465749   14.057032   23.794368   27.117728   28.395532   30.750970   35.157706   40.064632   40.975055   43.705898   45.672924   56.453029   57.614696   59.314038   65.707004   68.579418   70.708263   76.000253   81.317910   82.965920   84.327837   85.166202   90.392760   91.699460   95.941808;
    1.046592    2.751474    5.097904   13.171909   13.290431   15.922068   16.003888   17.262200   26.475371   32.310640   35.969047   38.645460   39.732423   43.571964   45.058812   49.714904   53.380966   55.281267   55.488896   61.719996   62.755216   65.319140   71.843104   72.408342   85.293887   89.672289   98.158365;
   10.493570   12.787720   14.870858   18.884598   20.539389   23.374134   28.315677   28.572415   34.060902   36.656712   57.509236   74.944556   77.601861   81.265899   82.638269   86.233038   96.429715   97.273211;
    1.044979   15.620379   17.338160   30.955011   35.446717   38.517602   40.997950   41.630700   49.451371   53.469460   57.190865   57.869292   66.527663   70.359317   71.519501   73.103805   73.786638   74.537235   84.426838   84.565518   84.940751   85.231717   86.559504;
    3.828983   17.770740   28.389987   33.737141   33.790180   40.679329   41.316030   42.379387   45.803402   49.590228   53.529140   54.979245   75.401464   80.117144   82.258859   89.987571   93.035648   98.309436   99.243338;
    1.764521    4.947461    6.725556    9.814243   22.287051   26.901756   43.390445   43.608515   44.376148   46.766137   50.049826   53.287619   57.842681   58.548051   60.612709   61.049437   63.744241   63.781995   67.971505   69.623806   86.789827   96.401066;
    2.363563    9.221318   13.506579   16.207909   19.299416   19.458641   20.190398   23.209939   28.432329   31.978592   32.289703   43.744018   44.052373   54.437371   56.563492   57.936920   69.600376   75.615422   81.907877   84.544304   86.696574   92.488817;
    5.592182   11.145584   19.061529   48.637177   49.612192   72.757634   83.738512   95.039745   95.055006   99.605151;
    3.373398   11.540911   14.944763   15.393185   16.457184   22.729820   27.034706   38.614747   50.435109   56.708703   59.883294   63.110029   65.614322   74.044631   77.556626   77.678702   79.622266   85.682626   87.762571   88.631335   91.034086   92.553691   97.064394   99.568596;
    4.578038    8.879711    8.935902   10.612919   16.111057   17.035172   23.639730   31.340057   46.833373   48.007595   52.096401   70.694631   71.667370   83.534213   84.080482   91.624953   92.884008   99.414068;
    1.130582    6.182689    6.666775   18.083950   18.602962   40.616447   49.461245   54.456134   59.258166   61.280986   66.967475   75.106445   75.795756   89.015791   89.363205   89.383277   91.151582   98.755337;
    2.699498    4.396496   15.488902   16.725111   17.545799   24.981741   27.219120   27.888684   34.400542   35.529797   39.347444   39.868164   41.009196   47.346477   47.348307   49.647937   55.730876   56.881951   59.051273   67.239407   67.668485   88.531374   91.657059   96.668453;
    2.292229    8.194321    8.739388    9.453207   16.571556   19.998269   30.774124   44.107156   44.461097   46.165541   48.662125   52.189930   54.769019   65.015182   68.498627   83.164346   87.048160   87.550651   92.467600   93.923197   94.869641   99.061436;
    0.835536    3.160016    3.882388   14.546800   15.661367   15.959135   25.299229   28.416683   30.369944   39.929114   48.743956   50.115671   52.557657   54.457724   54.764118   58.459953   61.334100   62.360910   63.773663   69.458254   72.952120   73.290979   92.708388   93.978875   94.568285   96.609791;
    5.324478   11.483169   23.609884   30.888713   51.629848   56.716130   70.444735   73.686112   79.192206   82.349946   83.906055   88.067244   95.789010;
    8.112210   18.699764   21.457690   22.418197   22.741219   31.281051   37.865908   50.173325   50.779703   59.944544   61.366901   73.282150   76.350386   79.571397   92.706722   97.942049;
    3.986084   14.323433   15.367633   18.164383   21.612225   21.716049   26.078942   29.353660   30.590487   37.864439   40.544488   46.825001   51.830514   59.123316   68.414845   75.003769   77.290091   87.896142   89.772272   99.019255;
    4.293618    8.453259    9.764367   12.347122   18.498778   24.150165   24.447353   33.554402   35.700299   37.381496   42.554952   43.524707   43.933482   53.904816   54.317857   62.842817   76.664958   83.824572   84.768350   91.538306   91.782165   92.985411   98.333963;
    4.826513    8.131653   24.316086   25.796618   29.625781   30.693957   31.193245   34.250480   38.723312   49.991207   52.657398   54.855477   62.135061   62.356281   67.411967   79.246801   86.301236   90.061509   90.817888   93.840366;
    0.254232    2.124307    5.276228   10.049022   20.007997   20.145906   21.519907   30.724387   32.923379   35.922243   37.248398   40.345271   42.114262   44.132503   44.863813   48.332689   60.159033   62.284574   65.278819   70.264952   75.898274   88.549363   89.846514   96.010943;
    1.297282   11.085969   17.878950   19.677430   19.702173   22.974495   23.472306   23.860474   23.945339   28.405795   56.761920   60.359054   60.920005   62.510372   62.650834   69.167103   77.880874   78.716967   88.229520   89.141173   89.400610;
    1.281312    1.389183    7.850456    8.317992   10.743131   19.523958   34.911263   35.013462   43.115282   49.677914   50.087887   54.996133   58.468548   65.599057   65.688336   71.884091   73.801725   76.900145   81.148320   81.288276   82.141833   86.499956;
    3.939194   11.011057   16.080461   17.520755   17.740681   24.976158   30.153872   31.784916   34.394749   36.850218   58.460203   58.587463   58.924663   61.632823   70.079541   73.769915   73.915775   75.692925   82.249657   87.739465   92.428725   95.590881   96.605041;
    0.139548    3.207690    7.287286   11.958406   12.320765   19.696402   27.089149   33.401195   35.552227   37.229060   44.269804   44.302174   47.238090   53.689526   65.459865   65.945487   66.692144   68.457830   68.715769   70.033722   82.889191   84.684573   91.359696   95.215153   96.256857   96.268693   99.210086;
    1.042298    3.892843   23.557018   27.567044   27.957114   33.162132   34.847885   36.146592   38.925470   42.523306   46.965165   50.826499   53.559852   62.090493   64.427180   77.258605;
    1.954994    6.876570   12.656271   17.552431   40.767058   41.140239   43.033887   43.382943   44.671094   44.882984   46.050399   49.635099   52.373798   61.800088   65.884428   71.081444   88.594225   88.651128   90.117220;
   11.864812   12.535840   12.603539   17.942209   21.309672   25.318631   26.469042   27.532814   30.910881   37.449120   38.502141   40.213705   52.204810   53.210311   68.043174   82.193061   85.402690   90.805851   94.758303;
    4.803408    6.719176   10.031210   19.647325   38.119649   38.573859   41.078574   43.429820   47.425144   49.249834   52.304534   52.917606   53.080968   56.498594   57.222497   61.149531   71.051164   82.437605   85.630612   91.975058   95.022124   96.017787;
   12.335252   19.485600   30.140899   36.706697   43.757293   50.365841   53.405960   61.424802   69.202103   75.510812   76.052773   76.349122   84.093523   93.433214;
   16.641629   28.945592   31.699725   31.968620   41.031925   44.134865   45.890682   54.128427   58.468715   59.170711   61.883065   68.825980   71.178986   73.053483   78.098224   87.509933   89.541365   97.137430;
    5.032217   26.815076   30.580543   42.609262   53.502972   56.970503   60.428690   63.910448   63.964301   65.195494   65.241800   66.211957   69.488427   76.895743   78.295092   83.546761   85.651454   90.954957   92.154784   93.914130   96.412053;
    4.738310    9.127307   16.193675   28.406255   30.465721   30.871647   39.839459   42.117090   43.420136   44.768355   49.802177   60.195718   60.620960   64.871211   66.327277   73.708946   77.363880   77.469787   86.674404   95.231999   95.576101   97.551296;
    5.973695    9.073588   14.332930   20.767401   23.473231   33.747019   33.763232   39.692372   46.188311   46.900676   51.254215   52.465069   53.402616   56.728594   66.434511   67.474473   71.394376   71.955691   75.596537   76.646566   89.780573   96.050519;
    4.640938   10.275232   13.323200   14.260685   18.227062   23.953481   29.367036   30.881687   39.709268   43.794099   46.131182   68.175187   69.586143   77.355147   81.249955   84.756838   96.810058   98.724218;
    0.189363   15.944013   25.400507   40.883036   42.021007   47.342113   53.040042   59.996352   60.072358   61.630442   62.190074   62.371800   68.269440   69.683857   77.953370   78.200990   84.282675   95.938838;
    3.236543    5.295817    6.001984    9.598322   13.868372   20.963149   21.876457   22.251611   29.589851   36.126746   46.439315   47.157873   50.447176   57.119596   58.213591   60.879670   62.404385   78.744604;
    1.041906    2.078743   10.569892   15.024840   21.105006   27.373652   28.365477   32.115513   32.410537   32.927816   41.251364   45.478395   48.833382   50.726235   54.619952   55.384891   58.027523   61.508937   66.139313   68.377997   76.616107   77.144017   90.860517   96.978736   99.780562;
    0.449625    3.284912   12.483985   35.807613   44.378988   46.464990   47.609993   52.054546   62.217325   70.637405   87.108129   89.735727   89.788678   90.867342   92.573456   93.774461   94.098630   95.660658;
    1.617602   10.889915   23.986782   25.075759   28.178772   41.891760   63.959848   64.745461   70.463929   79.906013   86.467674   87.681011   91.658995   92.452448   95.208383;
    6.679917   10.266264   11.446331   13.513278   22.025736   22.235732   27.009814   29.151352   33.515656   34.649961   36.376495   37.408316   40.397340   43.572440   51.839714   58.836679   65.920855   68.774804   70.603605   73.825768   75.691055   77.797310   83.085256   84.622357   92.601758;
   23.607148   26.144819   32.247828   33.517451   44.619083   48.249184   55.298743   63.758844   63.776851   65.606007   72.068296   72.547579   90.852619   93.137104   95.503509   98.146858;
    0.935808    3.221482   10.747212   14.569749   17.407527   33.071278   38.148967   47.035372   58.511591   68.985524   72.831667   73.727050   79.395460   85.346696   85.728688   86.940765   97.674834;
    1.006549    6.488249   13.581628   17.723847   18.229291   23.407985   25.032435   25.345211   28.991819   39.143377   49.949849   50.665652   50.787857   50.832523   52.923042   57.796586   64.443488   66.274600   74.032791   90.183340   93.172538   94.600549   95.246073;
    7.975876    8.325121   24.344103   24.819674   37.232353   37.987242   45.126581   46.780881   48.257819   48.817470   53.105119   57.697443   63.671051   67.678228   75.665459   93.415389   98.309114;
    2.388158   12.602914   17.109218   18.596433   21.944112   22.269147   30.496676   31.500974   36.365958   42.710694   44.194028   49.304008   50.521121   51.310544   67.643205   71.453002   75.988143   80.391121   94.405954   95.781567;
    2.989295    8.847283    9.347867    9.969882   13.067101   18.054969   18.466185   19.197539   20.916813   23.463862   23.791092   25.451895   34.941997   40.659338   42.679952   49.165289   50.655945   60.394690   64.598877   67.689862   80.878341   80.893906   92.073470   92.689325   94.199641   98.352853;
    1.673070    3.809417    5.355175   14.293713   24.566626   35.271688   40.872163   45.562194   69.035714   73.085705   75.812794   77.704819   84.418574   87.491237   92.449790   95.029486;
    2.106614    3.605007    6.842844   11.091363   12.824715   15.231345   20.877636   25.435599   25.437754   28.822388   29.541976   45.198190   49.120013   56.360586   57.396219   59.490298   59.500234   60.919059   68.290190   88.893835   91.612674;
    1.410212   20.524270   29.921642   35.169165   37.098144   37.420755   38.078824   39.881705   45.490741   50.134825   64.538307   71.831413   80.731805   81.977605   83.233054   87.562510   89.321765   94.290241   95.737503;
    4.384716    7.734469    9.891993   11.202422   26.018512   28.667582   30.730190   38.909162   41.836123   46.951210   47.808666   60.209158   64.524151   71.731131   80.266105   81.747820   94.012674   96.956263;
   18.816001   21.601252   26.826942   36.082712   38.878194   42.566648   47.023222   47.091737   48.413892   60.445853   61.178656   69.789421   74.658484   91.999774   94.097009   96.858273;
    1.794527   14.122772   16.837668   21.191366   28.118773   30.539765   30.663499   39.350459   46.729016   46.852461   48.134882   54.454651   54.503344   57.178774   57.743359   64.045570   68.257044   84.411607   88.815442   90.667916   96.611938;
    0.132242    2.108320    7.215810   11.435561   15.357943   17.263969   18.245369   24.993223   25.757574   31.874685   32.070873   33.796250   44.686124   45.505438   57.755549   59.726288   64.264879   67.944726   78.871195   81.849425   95.314721   98.812059;
    3.280113    7.200757   18.344870   18.480511   18.982029   25.572299   27.678601   36.534993   38.014199   40.450480   49.423899   53.490891   56.121674   61.759473   61.827663   66.479959   75.014213   77.552013   79.854350   86.485843   97.173740;
    1.029112    3.886887    7.515353   13.383748   13.732919   26.883960   31.929833   33.001785   34.135528   58.475994   59.469193   63.115156   64.007144   75.016912   77.572356   81.066001   84.027093   85.043473   90.106805;
   10.664905   17.642659   23.554548   24.956868   26.502318   27.621544   35.699847   36.971347   41.901014   42.921461   47.305589   59.738479   60.405707   60.993851   75.002564   76.738944   79.261743   87.319276   95.228806   95.497872   98.018035;
    1.389822    9.864652   16.212956   17.042822   18.327323   21.064942   33.264074   34.909628   35.182849   43.064043   44.124977   65.221016   71.457445   79.287431   82.368154   95.901587;
    1.792144    8.510755   19.322672   36.855423   47.024956   49.936596   51.451662   62.130386   62.607805   64.324142   64.384644   64.763388   66.277937   72.649933   73.234997   73.340010   74.067716   75.148800   79.997368   83.130779   88.683366   91.402567   91.885246   95.720193   99.858601;
    2.985624    5.095440    6.753735   11.513235   16.372107   19.692055   27.662205   28.129506   29.132642   36.190509   39.203258   39.845964   45.050911   53.839552   57.074742   58.512998   71.271969   77.981434   78.998090   95.508999;
    3.260633    5.075428    7.629808   14.988064   20.941707   23.959808   29.088359   29.856225   30.070643   32.238856   33.346609   38.567735   42.251645   53.168941   75.612422   78.268043   85.041547   87.668545   92.159879   96.943655;
   16.828288   35.919310   37.699414   39.330876   50.625307   52.173194   52.757549   53.000144   57.135994   59.756108   62.920965   68.126024   68.143218   68.650996   69.818597   73.160318   77.663952   82.857257   83.669234   85.745078   90.286197;
    2.406695    3.284319   11.620085   24.777743   28.731978   28.782776   36.468617   39.004846   40.073373   40.249446   45.437460   45.598590   47.007556   52.094934   52.882382   56.071029   56.979485   58.828170   67.338460   71.411259   76.969701   78.024574   83.760150   87.564642   90.536492   98.768579;
    0.436394   10.657146   12.466313   13.062637   18.466485   21.276795   22.714663   24.093418   25.657262   27.473698   35.023656   39.380660   43.129343   47.277585   55.589701   61.511263   63.142907   68.367926   71.862375   77.958104   79.418400   87.503772   91.141623   94.768168   99.661812;
    0.403463    3.153626    6.056048    6.252044   14.784012   17.017415   22.233605   26.042739   33.478462   40.011195   42.256242   42.918823   43.596759   50.346755   51.353932   52.794250   56.049718   60.519343   61.712972   64.628098   65.905800   66.433544   83.174595   91.540071   95.326625;
    1.287589    8.569506   21.014935   22.355923   22.617241   30.431781   34.651414   47.771043   49.950317   50.028821   54.903976   58.296791   59.603557   63.955237   65.974455   74.030707   76.087065   81.341374   81.530907   85.347923   90.005207   93.117505   97.269321   97.994669;
    8.983715   12.218160   19.119333   22.928730   30.908850   39.074103   39.897828   41.342223   42.747770   47.474859   51.486963   68.037871   68.613158   89.103037   90.238892   91.922641;
    2.187747    2.557269    5.164189   12.635106   20.783794   25.742023   29.144283   30.666459   31.282126   51.298167   54.600378   62.072989   63.626008   67.828460   70.885510   73.938596   76.962453   83.485804   87.253455;
    1.636291    2.938352    5.538079    6.788415    9.062106   13.362734   21.331121   28.739263   31.984033   33.318688   36.378098   36.530340   55.869559   60.295320   61.034027   63.263457   70.499138   70.730039   71.097002   74.768784   76.863953   83.527974   88.873833   91.409735   94.048513   96.040043   99.704473;
    0.151065    1.614773    5.317716    6.183596   11.167917   13.150203   13.722799   14.237343   14.440190   30.453640   37.441047   41.147344   45.128729   49.496544   57.294599   71.629050   76.936024   96.570840   97.051782   99.122386;
    3.937147   17.465620   32.193474   36.474949   46.493807   55.109951   56.258680   60.726642   65.906178   70.817931   80.012470   91.784526;
    2.410527    5.013031    8.031387   10.444962   16.921539   20.956984   21.221334   29.377374   32.982644   33.260975   54.553188   57.195359   70.029279   77.009807   79.039732   81.437496   88.859683   96.197698   99.359973   99.539769;
    1.923369    9.647286   16.423652   29.740330   35.315869   42.006835   50.781324   50.783632   61.455180   80.192797   87.690698;
    5.529846   10.044919   11.390102   12.579496   17.503509   22.830436   24.342541   25.472655   42.893080   50.421588   53.776283   59.358768   59.926615   64.366543   67.678893   73.558651   79.646638   86.500219;
    4.705064    7.574971   20.156443   37.888430   38.539178   39.924149   40.380341   43.622729   51.658294   55.862589   57.067861   57.075571   64.288373   64.505036   67.455116   69.301723   70.680417   76.469014   80.450771   85.733581   88.858612   96.751977;
   10.573587   11.197649   16.797226   28.105704   30.741825   31.492275   42.327574   42.356250   42.369259   43.092725   44.652120   45.069116   45.314690   66.190501   66.308924   81.623695   83.755317   88.997234;
    2.580082    2.746493    3.939419    6.914894    9.140564   19.727688   20.630050   23.204201   24.371963   35.944449   50.367091   51.058236   51.264843   57.717271   67.879862   72.516226   75.902917   77.645744   78.913359   81.032918   81.805514   82.876163   84.811487   86.483406   87.861107   90.617457   94.687012;
    4.322435    5.497693   31.069531   39.489011   42.590959   44.341761   51.285876   58.764921   66.545732   86.283797   88.271539   93.989299;
    3.797585    7.719570   12.763634   21.503112   24.378972   25.291718   26.229750   26.820819   27.431027   28.422505   33.315015   34.914427   37.053141   43.537192   49.920267   55.095203   58.066902   60.932489   61.417290   64.791000   68.484537   77.653870   87.680378   99.159659;
    2.915567    5.290541   16.881087   26.785575   34.057995   41.952906   43.350707   44.730778   46.229667   48.784195   51.209182   54.490129   55.820416   63.070751   70.227250   72.433401   79.706189   89.155620   90.663226   92.979178   94.513528   98.392204   99.632875;
    1.866395    6.774792   14.849378   22.137624   22.176660   27.721299   38.251803   40.222517   40.422574   43.388449   57.867236   64.416900   65.344152   69.372776   71.175096   85.625385   95.606273   99.456179;
    3.225397    6.884695    7.098968    9.953292   12.019389   12.873826   32.529648   37.151128   43.327679   45.036295   52.544237   54.904092   57.528833   58.940865   69.961581   74.456672   80.785216   84.572931   95.083238;
   11.254400   15.438071   19.652864   23.339624   25.148664   28.122900   32.306867   33.676580   37.925730   46.078938   48.165592   63.220789   63.719257   68.169107   68.800928   74.331724   75.651790   75.750072   85.661897   87.091197   89.278377   95.133879   96.061665;
    0.939624    4.277077   21.781496   28.083634   33.949325   38.069885   41.351470   52.201569   72.466421   75.156535   81.036854   83.852371;
    6.916314   11.331943   12.426852   14.961170   15.184278   18.146653   21.116143   23.684309   26.951159   28.589357   29.995875   34.365084   38.474257   42.772466   46.939656   49.111583   51.654389   54.636580   57.579510   62.137739   62.909754   63.458524   86.796948;
    9.242853   16.078837   29.696622   32.292670   47.117489   52.654260   63.575648   67.940803   80.965289   81.728919   88.115253   96.926985;
    3.835631    6.396899    6.681536   12.828724   13.763369   16.170296   24.025301   33.097968   35.810874   53.805728   55.562600   59.616471   59.956524   75.093044   75.865242   77.811551   82.023637   82.140571   87.509043   94.313640   98.633356;
    1.839148    5.566765    9.738949   10.600128   15.986269   20.385858   27.735622   40.743993   40.820971   47.849908   48.347918   57.014361   61.541538   65.228115   69.538706   74.037226   80.449637   80.499582   86.715717   90.228142   96.923387   98.808581;
    1.698139    3.367260   18.226310   18.620892   23.995793   30.433588   30.850980   32.065818   39.139291   50.939030   60.850323   63.890784   67.913927   68.097013   68.983261   71.602281   74.378265   74.404787   76.233792   77.943684   79.279564   80.993935   82.764305   91.548506   97.389762;
    2.433827   29.571054   35.543625   43.800462   49.298190   50.212423   52.294390   52.599498   59.124096   62.263816   71.133494   79.640430   81.746942   85.649286   87.111964   96.361613;
    0.794745   10.943012   14.297135   14.584628   17.239276   31.576057   32.937186   33.376380   49.912551   54.383458   58.702413   66.150544   67.080026   70.790973   71.422699   73.860155   83.834067   84.186535   89.449004   92.431872   93.330750   94.222477   98.696668;
   17.646617   20.060242   21.339993   23.489237   28.667969   31.530176   34.102195   39.225642   39.340682   45.051941   47.807132   65.933539   74.475942   80.395058   81.824763   89.356379   91.062988;
    1.036139    7.065277    8.710624    9.431370   19.041826   20.697569   21.435538   26.030158   34.182164   38.277240   47.724100   52.068319   54.290298   57.382951   60.239563   80.151157   84.209214   86.061747   86.332134   92.998463   93.331267   96.503768   97.919735;
    2.643869    3.103585    6.419745    9.776572   16.535669   21.631914   30.337119   32.428178   35.151663   35.816755   36.177243   44.713026   45.695824   66.543621   69.826936   79.016591   83.008573   83.898937;
    3.451529    9.707627   12.926893   25.574583   29.223151   33.417782   42.769540   54.813679   55.453370   59.393861   63.066747   64.352472   76.710383   78.585064   79.995831   80.874351   81.005474   86.436521   87.518316   93.608974   94.715661   95.345805   97.689125   99.414412;
    0.239867    1.821091    4.818502   18.113171   21.306850   22.178598   39.911415   40.563650   46.687276   46.840181   58.823582   60.573419   62.483375   63.461935   76.640126   79.154432   80.583019   89.896377   91.663801   93.262828   98.850754;
    2.935946   13.468346   20.263129   32.125125   48.819074   50.171391   50.466019   51.026679   62.110758   67.040944   70.408911   71.955358   79.022382   81.408690   84.976689   86.278619   93.406155   93.458851   96.233202;
    1.005435   10.000190   11.738309   11.964019   33.168457   37.472224   43.694963   48.335838   58.359052   67.358391   68.325482   68.389043   72.096521   76.459118   80.591082   87.000006   87.868708   92.585479   94.602914   95.790343;
    6.901828    7.304101    7.517032   16.340067   16.561931   29.697066   36.354960   41.973650   57.116821   57.537293   57.889764   66.303431   67.908817   82.870681   87.194875   90.635913   90.854555   90.984142   91.535929   99.506881;
    1.312331    2.050484   11.014280   13.027823   13.139241   16.930183   17.481443   23.382880   25.139096   26.038102   27.357138   30.046668   32.837850   38.916644   40.186562   41.564645   47.573908   51.256840   56.107586   58.526353   76.902488   98.353756   99.382353;
    0.834517    2.608956    3.185160    6.433832   10.242098   12.741578   13.406238   16.434496   23.167220   34.293749   34.336553   38.878333   43.491313   46.498680   59.017122   63.331561   67.969358   68.628054   86.759727   86.807073   91.201930   95.703036;
    4.614178    7.564242   14.632454   31.399595   39.696892   42.995073   45.180560   49.716518   54.401027   55.788824   65.107772   67.202928   71.173447   76.824032   87.014874   91.697673   91.923161   98.945197;
   16.290652   21.925620   27.429210   38.633979   46.029687   49.452567   49.950618   53.676052   54.030605   54.625620   55.920609   65.191296   72.933915   79.535510   79.975940   83.736443   86.137860   89.801453   90.824203   92.021884   92.821008;
   28.819668   33.627588   35.548717   37.467191   47.310722   49.324087   65.573740   68.676250   71.887943   84.766783   92.613572   97.865067;
    6.028513    6.317085   12.255484   14.835995   15.349984   22.387585   23.485159   31.563361   33.419775   34.462019   35.179037   36.626831   39.625736   47.656568   54.200805   54.667276   64.577473   69.313497   70.655331   79.267800   85.098959   92.262468   96.054114;
    5.437955    5.912953    7.071911    8.553746   10.347646   17.261128   31.302590   36.910375   53.462381   58.646830   59.430418   64.160970   71.139050   77.382077   80.983351   87.518261   91.220700;
    5.710583    8.039879    8.699535   11.296887   12.310993   13.523319   14.070598   21.827790   22.933150   24.805021   29.820474   43.603315   45.405838   46.620874   49.532635   65.661146   75.014560   78.754804   87.078211   87.809669   92.497826   92.631380   93.560297   94.093544   94.527848;
    6.211547    7.155339    9.624164   15.091618   17.328767   18.005380   20.060924   31.306249   32.367988   34.828424   39.377820   43.313991   50.275726   53.536653   54.290839   58.471436   65.513241   67.404665   67.953213   68.611304   69.212827   76.553579   80.807750   83.631159   87.898891   88.861604   91.364153   96.478925   97.943110;
    7.278928   10.199434   11.113164   12.178986   18.852014   20.913331   23.111812   27.638243   28.315410   34.471813   52.007096   52.891119   53.954634   57.009792   58.373493   61.711256   67.442743   70.987007   73.883315   73.897378   77.589141   82.242562   82.587894   83.091927;
    2.549881    5.356260   10.445651   13.387339   15.177941   16.710670   25.062972   36.402126   44.322550   48.552687   51.658851   53.221991   55.986419   65.135326   74.403615   78.698695   79.021131   80.880456   88.744153   89.103250   90.578569;
    7.848342   13.245511   21.696267   28.692736   31.986227   32.282853   32.895234   33.039303   34.961038   44.769845   50.761432   55.094003   61.192726   78.828456   85.834768   87.303474   89.047611   90.352677   91.249067   98.283515   99.905046;
   10.865670   17.655845   19.967395   20.170066   22.948127   24.593492   25.910481   37.046497   39.686688   53.863682   58.267571   60.211857   63.497866   70.890312   72.293686   75.606073;
    0.568714    1.994110    2.320850   14.544131   19.027608   41.046735   41.616827   47.293572   48.196207   54.533513   55.311800   55.746610   57.649202   61.816818   66.139336   67.365464   71.566038   83.422151   85.584641   87.666724   90.451437   91.080943;
    1.788440    2.456032    6.862136    8.804255   13.057963   26.580115   26.671566   28.171131   29.047166   30.830912   40.949699   45.973124   48.422801   55.290277   60.660152   71.817151   79.872944   93.431740;
    7.796344   12.997318   13.537127   16.437315   30.325601   30.755002   40.027862   41.157921   67.391008   72.341841   82.100884   82.293927   95.201725   98.692242   98.719027;
    0.016980    7.758223    9.531902   12.600450   19.294874   62.926854   71.328615   75.655909   87.189841   89.762106   96.749275   97.187817;
   18.063150   19.127021   19.654873   22.231305   23.999600   28.232667   54.992351   65.723819   67.927476   68.546986   70.721939   73.766049   80.473784   83.003846   83.374394   85.110217   96.913159;
    8.468044    9.710415   14.344651   15.621962   16.204342   24.601457   27.557737   29.155314   38.461836   48.382327   58.656805   65.353525   67.795755   69.239464   74.161743   79.258007   89.357341   90.695568   92.729446;
    0.287713    1.351168    2.893452    6.830051   23.915751   26.827875   39.983989   56.535344   68.052532   68.544694   73.033149   76.232505   76.339409   79.639049   79.697930   82.043774   84.564451   89.773692   90.791820   90.927408   93.883016   96.812720;
    3.867772   14.014963   15.652671   19.721273   20.185179   20.526389   22.403952   23.691958   36.054544   39.456174   41.079185   42.584362   51.628774   56.100938   60.059022   61.734289   62.462398   69.274069   70.682379   81.672072   86.965827   87.520488   90.477526   94.489249   99.348214;
    2.993364   12.675036   37.634876   37.692569   43.636390   53.992383   56.407609   64.401306   71.466689   86.696131   90.439358   92.391412   97.529746;
    1.908063   20.582258   23.306164   28.703445   30.256781   31.591175   38.316995   39.551326   51.835796   67.319212   70.294160   71.349027   79.243863   92.337914   94.755687   96.196403;
    2.410295    4.694259   16.597110   44.033965   47.431276   54.086496   55.394230   56.500707   59.989871   64.931131   66.712379   85.054840   95.499091   95.993876   99.632063;
   12.214237   17.271793   18.429246   20.190044   27.015035   29.028377   40.245956   42.580288   43.362965   44.249149   45.224809   46.391696   47.911126   55.711415   62.613046   66.644418   69.849544   76.736983   82.745675   86.271402   88.029537   93.760122   94.302362   97.348588;
    3.338700   12.503092   15.345056   20.272174   21.193166   21.689314   22.276865   23.686304   27.264361   29.473035   29.770389   31.852406   37.912223   38.008340   62.701195   72.166639   86.417666   87.941298   90.092344   96.426639;
    3.491011    4.564394   10.774856   18.201028   19.449631   28.593335   37.932812   41.689744   42.246727   42.501103   45.887437   55.468043   55.737468   67.854049   68.438876   68.769378   72.312385   97.732346;
   14.405100   29.562368   31.151962   52.577797   52.895368   55.031310   55.263867   55.646012   61.127571   68.591815   71.438836   74.758247   76.405307   84.201153   93.612015;
    8.293956   14.929653   19.488971   21.339223   23.461711   27.862274   33.768079   39.643707   55.718427   57.206322   60.769300   60.976425   87.064065;
    0.239765   14.315323   22.475735   23.401535   23.774143   24.258667   41.972921   42.542590   45.019546   56.136505   56.166984   67.740861   70.763397   74.654388   78.181368   81.308186   83.538310   86.387052   88.213992   89.657628   93.993144   95.211122;
    1.939391    4.029509   10.412224   23.628786   27.125719   28.361751   30.328463   51.002106   53.673281   57.777500   62.562345   63.787357   69.264105   75.253967   82.855192   87.869227   94.658261   98.603836;
    6.943280   20.536222   24.274727   27.107329   30.570509   41.482243   43.769541   49.127232   62.102215   80.017575   82.743052   87.988655   88.872356   95.049575   95.250710   97.029065;
    6.094488   14.575818   21.998826   32.161632   33.421983   39.052541   52.339265   53.915912   55.639266   64.973659   66.648310   76.474483   76.668152   78.434724   85.122421   87.788328   88.438325   95.968864;
    4.358877   12.775630   12.897665   21.819769   22.195399   29.382223   30.080354   38.660862   66.550472   80.809474   83.686181   93.675977   95.753980;
    0.807868    4.713767    8.326113   15.928673   20.140502   34.755171   44.633408   48.813664   52.562631   53.002393   55.889976   59.136025   59.641987   61.911629   64.027111   64.338725   81.840877   84.886979   98.493335;
   18.489181   20.578426   35.361137   39.527843   48.556953   53.040348   55.909760   86.161647   87.034463   93.253071   94.578031   95.839958   95.946896   99.389049;
    1.265337   13.406935   16.333725   21.152784   21.872930   24.306658   30.969882   31.080739   36.227770   38.250421   38.506558   39.637345   43.409066   45.651979   53.884780   55.380261   61.442949   62.666711   75.126956   78.163652   82.295070   84.324935   87.944054   96.018317;
    3.263724    4.692486    7.145725   12.049692   18.063450   22.094584   26.936821   27.939819   28.443624   35.624391   38.331499   39.797448   43.944242   43.976942   51.713463   53.318688   65.392755   69.143869   69.225338   71.415397   90.798166   95.938129   97.208557;
    1.844625    8.269769   11.247156   13.569426   20.008921   21.622210   22.420295   29.992983   34.405574   41.451711   46.237610   50.430638   55.199635   55.208002   58.072731   79.834350;
    1.682785    6.694630   18.320203   23.439212   38.618424   41.990054   45.245994   57.142289   58.098592   65.529394   69.867761   80.905483   82.799791   97.164291   98.964905;
    0.066736   11.176191   11.474526   15.632499   20.212170   26.955909   28.740295   30.440324   32.312837   38.906767   40.632253   43.480387   48.952173   54.566310   54.800829   56.972566   62.773071   64.147184   65.464766   67.663786   68.221198   68.376824   69.410941   74.709363   78.016917   87.776400   88.094361   91.606800   99.310894;
   17.104448   26.163689   27.882311   34.109508   36.696165   42.143393   47.915216   49.500471   54.610665   55.333824   56.707799   76.538023   81.621923   89.614668   90.275905;
    0.548564    2.845651   18.950184   27.359458   31.134310   32.418016   38.425999   39.905446   50.741876   58.170851   62.658464   73.058674   73.314964   77.953360   83.214056   87.022689   88.013449   91.816068   92.430319   96.323666   96.941458;
    3.617877    4.855378   16.353820   22.810085   23.524682   24.102955   25.498669   26.447895   26.913253   43.358610   44.757170   45.944295   48.961124   53.170481   53.922788   55.085016   66.379102   68.324274   73.097729   74.307689   78.863269   79.529724   94.589329   98.187553;
    4.466071    9.406260   15.287948   15.980668   32.899029   38.716046   41.907862   41.940654   42.521032   44.753559   52.620449   58.521237   85.732593   88.849551   91.586107   92.092081;
    6.171861   14.037135   14.671132   22.112215   25.243455   45.779928   52.143153   55.417791   72.261663   75.077503   75.963190   76.369018   80.662249   84.139946   94.857339   95.957355;
   10.653449   15.245982   19.346348   22.070199   28.599965   30.687801   31.515432   33.717747   43.438156   45.720436   54.627102   55.491137   61.589735   62.906792   69.040902   70.152066   71.893400   75.488401   75.920757   91.948787   96.813086   98.578186;
    4.341307    5.308525    6.860435    7.248715   18.030307   20.703661   26.879242   31.818220   33.678925   41.100993   44.007848   48.194265   53.036448   63.472827   78.256612   82.567566   86.579030   91.231424   99.739218;
   14.089853   20.419099   20.573831   26.459711   51.388893   52.675350   59.187290   61.145982   61.266335   66.632953   73.060670   81.602513   84.685796   86.745818   91.163994   91.615909   97.686237;
    1.148338    3.331120   10.923136   17.363930   19.783898   25.708618   27.850359   30.359658   31.593467   34.453237   40.923186   46.991751   50.868115   53.413158   55.147865   71.278628   73.596095   84.868526   86.708787   87.919416;
    5.967340   12.926095   15.411947   27.452136   32.100756   32.185704   34.596192   34.870421   35.857375   40.976681   40.997679   49.117648   49.297777   68.393812   70.022598   71.415473   73.088663   84.330508   89.832180   89.953705   92.012814   94.032359   94.461966   95.684680   98.773072;
   14.145439   14.779147   17.493033   18.216373   27.343211   30.879096   32.408194   38.085196   44.066395   50.545135   51.653938   52.768269   66.283138   67.767953   71.203770   75.026878   78.141053   85.023364   93.791440   95.820724;
    0.620677    8.379841   12.010518   12.705859   18.823660   20.973626   23.418817   29.218942   60.746976   67.439410   71.708908   78.794810   79.952264   83.278389   86.869164   91.014173;
   14.740221   16.332333   17.098503   17.135947   32.721976   35.810622   38.185651   40.398459   52.752218   59.152764   68.972854   78.423773   89.180722   96.016407;
   12.332402   16.368687   16.641888   27.607822   30.415554   43.348732   48.390045   48.544334   51.435037   51.690524   55.517172   61.400697   71.532676   72.764743   84.624069   88.246455   91.292966   92.219246   94.390278   95.280554;
    4.402114    5.662340    8.526896    8.862913   16.675813   22.273193   22.594442   25.778560   28.448567   28.654072   34.569218   35.056227   35.606005   36.348347   44.534078   51.909183   56.447185   64.196959   65.741158   67.511958   84.510164   90.602598   95.084131;
    3.235154    7.062233   16.292489   17.466296   18.296128   23.850469   45.972174   46.755634   47.451908   51.956101   59.685380   60.384458   73.801272   82.313348;
    2.407147    4.944737    5.639794    7.213614    7.262837   13.756130   15.306673   22.851049   24.070484   29.566733   30.492666   31.589361   32.294349   38.880285   45.443501   45.934283   60.449374   61.100108   65.990556   68.104153   69.765162   80.321979   83.838365   95.387601   97.226951;
    0.870816    3.694638    8.952730   38.073775   38.975703   42.346128   46.759521   57.255326   62.705007   69.731214   69.991453   91.029653   94.215490   95.016893;
   12.307942   13.409825   20.187318   26.384633   27.887581   36.307010   40.587894   43.515860   44.907372   45.503032   46.489825   48.723377   52.923004   68.408115   69.042487   69.961759   70.878836   71.218609   72.746993   80.430526   89.621358   90.743943   92.521727   95.300758;
    3.672227    5.515677   17.457534   18.049356   26.151567   33.457237   37.297275   40.488661   41.649602   44.710008   51.457660   53.314794   55.354085   55.418564   56.638347   62.273575   64.561678   64.774690   67.159207   77.962000   79.173914   80.122053   82.972996   88.553772   94.346284   96.791978   98.040194   98.712311;
    6.376225   14.229494   18.078759   33.698706   35.197966   35.477853   36.397206   41.607333   42.010948   45.813228   46.748638   47.765798   54.856165   66.184044   68.628413   70.112763   71.593293   78.533665   82.726068   84.680983   89.294230   94.544407   99.349485;
    7.052269    8.622305   10.436213   13.887783   17.147101   19.626670   25.122623   27.432649   28.120546   39.418987   52.843132   53.116779   59.638186   61.762900   66.787836   72.742683   73.874495   73.965266   84.751256   87.362607   89.085560   90.196802   94.333037;
   10.154670   29.023722   35.725083   42.764707   45.316297   45.944143   54.296856   61.538141   67.804594   74.274523   76.732452   97.901791;
    7.099816   14.323670   20.595056   23.622465   30.442960   33.346889   35.961463   42.886924   42.949133   69.243542   80.010249   83.188011   85.374089   88.966423   90.323446   94.390233   99.851397;
    5.042742    8.099529   10.469188   20.436488   21.758787   23.551819   24.027343   36.901428   38.452321   42.581105   50.589335   51.631294   52.145448   52.944409   53.283928   85.158185   85.652719   89.152000   90.683903   91.940233   92.239464   97.411765;
    3.692553    6.288356   25.741490   32.647316   34.977808   34.996357   36.120753   37.864017   53.719483   60.149076   61.344063   66.569244   81.619837   82.854304   83.727265   87.706378   89.336647   89.663221;
    1.543404    5.535334   10.005992   11.578394   24.615219   26.691474   29.152309   32.894919   36.754496   38.746997   63.157662   65.733253   67.873400   71.553688   71.741363   74.130211   80.167285   94.434225   99.837124;
    1.419337   11.921464   18.991076   24.674316   28.246825   29.306357   32.521905   32.976259   54.933803   60.864837   66.672757   67.972083   78.781099   84.762176   88.203795   92.226161   95.012490   96.665243   98.106412;
    3.893919    5.561909    6.406097   13.278264   42.888764   51.009737   51.772494   65.703632   67.584658   68.739549   79.242461   81.737744   83.125080   84.402451   89.590295   93.792522   99.977321;
   12.902708   18.599771   20.392397   20.570862   21.697396   33.997936   40.138814   42.413027   43.151589   44.623863   46.746768   47.794560   55.301488   61.487377   64.557873   71.433904   82.519342   88.213034   94.893796   97.566955   97.683869;
    2.266091    9.827774   19.400422   21.766666   25.213919   34.512962   48.857332   52.640395   55.350012   61.709067   74.005274   74.953877   75.937511   86.956832   90.208887   99.480423;
    6.646876    8.725222   16.271688   16.474750   17.159997   30.351169   36.259597   38.045231   52.955183   56.497318   69.122483   69.234167   70.350893   71.639701   76.696228   77.762673   79.844949   86.963249   90.108899   91.691778   91.791693   96.714956;
    8.413143   12.117950   17.942209   18.976951   19.004509   29.374453   30.454611   32.356877   34.173323   34.776552   36.725084   39.035211   44.232389   58.988563   60.447136   86.266578   91.139172   91.253344   93.950621   97.541058;
    6.439668    7.365920    8.784079   10.277094   12.375868   16.451134   18.406663   18.568895   19.784327   24.302152   42.827117   50.184134   59.368947   60.430358   70.183975   73.937260   78.179699   91.352064   91.988561;
    3.275931    5.033495    6.274114   13.549027   15.609472   17.759293   20.046510   27.701817   29.887192   35.911560   53.047370   54.052851   60.200343   61.551468   65.567203   71.522876   74.091045   95.220004   96.817457;
    5.680281    9.095411   16.135969   17.817171   18.617120   23.546861   29.426726   36.136673   42.407378   43.952703   61.650867   64.215973   72.472068   81.934051   83.332340;
    8.094388    9.143700   10.638882   14.688161   18.763588   20.821415   22.843467   23.437938   31.430620   33.822763   37.089200   37.121793   40.174212   41.597372   44.699909   50.248311   54.515251   58.298366   58.686036   63.735599   68.081417   72.106084   73.601062   79.988906   83.377907   94.704733   97.669129;
    4.253777    4.654624    6.202401    9.359181   15.967868   25.240618   32.825141   32.877011   34.095722   35.896153   40.509496   41.371531   44.196762   50.334565   52.877184   67.838976   68.007009   73.351850   79.656777   80.245466   90.181386   96.550043   97.988685   98.899280;
    0.641357    1.385614    1.410984   13.603167   14.494773   20.327331   25.419856   28.998536   30.308679   32.235260   35.414317   41.932440   48.179805   48.554354   48.702035   51.943376   53.413323   55.649368   56.488903   59.477070   59.614154   71.510760   72.004103   73.090383   74.594084   74.961350   81.366702   81.781703   83.662456;
    8.124702   12.634535   12.957986   13.922769   17.170835   23.136739   24.136085   32.704728   38.484652   55.967814   65.376374   66.010213   71.308583   82.553476   86.334439   88.036933   95.420194;
    2.390196    5.963371    6.760608    7.396181   10.457498   14.638976   14.682879   15.168522   26.935411   28.641944   35.115613   43.111771   43.665691   48.652748   56.619698   57.044453   57.154862   57.643676   62.205377   64.258154   66.901653   67.882055   70.986006   72.931211   75.968356   91.327257   98.175212   98.772703;
    2.063180    2.769413   10.069558   19.517131   25.828206   30.320305   33.175172   34.794781   37.594942   39.024066   46.335930   51.725271   61.429469   64.080676   65.501590   67.762952   67.900913   69.270773   76.643094   84.323454   98.399391   99.881087;
    3.896705    4.081485    5.513038    9.697038   13.155964   20.297919   31.507409   36.211169   39.091653   45.408938   49.303257   49.586457   60.293435   63.286853   63.619332   65.907096   80.250999   81.344786   82.003334   86.786726   93.643273;
    0.790377    1.695923    1.957754    2.670878    3.445182    5.446647   13.215979   15.831945   23.157471   24.692120   26.013827   28.848317   34.907673   42.025849   43.927070   44.901480   52.178093   53.659747   56.059679   56.335493   63.455996   66.538257   75.383985   79.897479   88.925296   94.266411   94.894693   96.198627;
    3.032505    5.665108   16.408874   18.360270   20.936751   38.244039   39.623043   41.673644   43.582632   50.276302   53.071104   58.158393   59.550995   61.435075   63.113098   67.012208   75.294958   82.993509   83.419784   92.676238;
    2.948407   19.774428   20.456010   26.291545   36.648268   39.996121   46.722739   49.819089   52.920250   55.758382   77.766457   82.487046   84.386159   97.693372   99.176843;
    3.878416    9.936916   16.034833   21.722449   25.038604   28.446803   48.491135   48.645508   56.772132   69.790807   81.668455   96.007635   97.270117;
    6.769875    8.656383   11.314623   25.579575   32.795572   34.346390   41.900974   42.426273   46.034061   51.166060   57.174543   58.292975   58.775193   64.929369   65.360120   67.429597   67.444581   87.976318   91.136496   97.539524;
    1.138479   10.464297   11.285831   12.442233   14.385403   28.684162   29.344200   30.863722   42.048204   42.764101   57.507723   64.953642   69.344062   81.318847   87.287225   92.971965   94.825827;
    2.309831    3.011365    3.173446    6.116102    6.403936    8.851861   12.335502   17.559182   17.616521   19.492863   22.553030   29.109827   30.241732   32.510920   33.486971   40.320055   41.666226   48.867121   55.864516   58.769145   64.689851   68.446721   70.556489   74.261895   84.215635   84.969151   87.061581   98.917882;
    1.501334    6.982572   11.784813   16.875384   17.957729   21.434569   24.783622   25.542449   26.916949   31.818854   34.014335   38.437791   49.897717   51.029606   59.525155   71.310754   73.292305   76.471366   84.673622   88.880139   94.803636;
    9.072148   16.394966   32.502311   40.619504   53.565997   56.860601   68.549317   69.208579   72.736508   74.361371   76.555999   79.652479   82.278192   83.926291   86.173660   88.478060   89.225859   92.441914   93.648645   97.047556;
    6.975591   12.641244   16.244527   16.985251   20.560642   21.579606   25.034117   34.537140   38.787871   43.809432   50.916181   54.084779   63.880072   69.500311   77.713969   85.542532   86.144641   86.658666   86.769426   90.880068   93.512967   95.108035;
    3.030571    3.654249    3.868060    4.571177    7.440273    9.985672   28.563962   28.816249   34.458061   38.242611   38.743666   41.934462   47.521722   52.945481   60.348025   61.004305   66.006166   72.072011   74.917140   80.450422   84.248611   87.712044   90.338344   92.406808;
    2.380046    3.934567    5.161604   23.953979   25.112779   29.227566   31.093930   36.501311   37.752440   40.928742   52.765219   58.227886   67.155177   74.947064   76.503237   82.426098   85.199222   92.194618   98.350399;
    1.154079    1.991086    6.063129    9.411949   10.312960   30.236494   35.224508   43.271172   47.450358   48.217988   57.237057   60.209033   77.050197   89.841049   93.193973;
    6.109084   13.216334   13.909144   15.951709   21.973086   26.191320   27.447490   33.695931   38.352017   38.460466   39.803020   41.170039   48.265233   49.055676   57.637764   66.654808   71.014614   71.047544   72.134105   72.842277   73.547540   74.576628   81.339490   84.236460   91.367139   98.385067;
    0.700132    2.749649    5.043973   16.405527   40.143700   42.613639   44.279411   61.320031   69.273059   72.361545   76.940519   82.925454   85.370422   90.711904   94.065218   94.967264;
    3.669541    4.319852    4.324359    8.371476   14.218935   14.857146   17.319709   19.458609   23.139639   26.120167   30.056909   44.310319   46.244074   51.040615   53.096298   57.067416   59.194195   66.026657   73.739735   93.343631   94.148236   96.327476   97.877439   98.776216   99.389962;
    7.371762   17.721231   23.127749   24.035504   41.229839   45.160979   46.251005   46.926032   49.477849   63.607451   66.060417   66.679575   69.985528   73.306205   75.295664   78.999719   86.077616   87.269800   92.918135   98.121469   99.181863;
   11.660261   25.211187   30.847585   34.991560   46.012105   48.298209   48.394170   56.259289   58.707644   66.116121   66.740762   75.673326   76.793373   77.171949   85.811983   91.681911   95.038188   95.047561;
    9.658843   14.378432   14.654779   16.159705   20.664794   28.030369   32.188106   34.824807   38.877533   41.977307   52.701822   53.575948   57.732848   60.849215   61.579815   70.106694   72.336221   72.426993   72.655163   73.865481   90.031430   92.035847   93.592615;
    5.982289    9.089900   17.004378   26.414053   29.918340   35.316308   36.653950   41.930514   45.827933   51.136474   52.811409   59.443987   61.397616   64.985887   73.964753   84.977137   98.231731;
    0.256219    4.929340    7.022517   24.678413   25.109933   30.664590   30.984679   31.554021   33.382964   43.783414   49.774678   57.226795   58.788667   60.661112   68.695958   69.318081   69.557410   70.381493   72.033014   76.133975   79.129861   79.595117   79.754954   82.403969   85.957400;
    1.755218   13.670980   17.326129   23.125218   26.142184   31.877384   35.696715   37.328138   45.674045   46.483958   48.133130   51.675047   53.205308   61.560624   63.678401   82.286714   85.614820   87.310425;
    3.910343    5.013645   11.247745   16.118549   27.859675   37.144006   46.590734   49.730136   51.665399   55.192891   60.836512   65.169020   74.307329   76.248934   82.345884   83.266823   87.161552   90.101295   90.620881   97.226563   98.440051   98.874570;
    8.623212   14.630998   16.679388   17.028933   18.019431   20.600482   25.857417   29.650680   35.553318   36.481876   38.313124   55.086611   55.717198   59.793788   66.792608   75.457724   76.020257   81.475145   84.014788   89.285543;
   10.079848   10.388779   14.164551   14.426856   33.951686   35.750303   41.309629   52.130669   62.590408   63.112870   67.677662   68.765653   76.293667   76.944369   90.219619;
    0.375220    1.403908    3.072841    5.349333    7.412477   11.941044   17.862768   18.071454   20.500623   24.555863   25.222900   26.281479   31.389245   33.321965   34.609367   35.166010   38.735337   51.296816   51.700598   73.523539   74.166214   75.722404   82.134327   83.459745   83.969145   87.376386   96.519675   97.449183;
    5.768197   10.498943   11.200708   12.479893   12.976672   17.401742   18.276414   30.549930   31.562727   33.158302   35.014327   39.500826   47.725926   48.460703   51.355227   54.623468   56.218604   59.648709   64.364631   64.741588   80.925930   87.216099   94.706080   98.217728;
    0.982774    5.607070    7.632695   17.112689   29.180664   29.945812   37.589644   44.177343   44.745821   44.961993   47.904434   50.676672   57.837573   61.272454   67.406563   72.875148   84.124186   88.700932   92.093404   94.545359;
    6.579488    7.542455    7.986697   12.013972   13.819332   14.712407   17.756258   18.521388   21.890738   24.320664   33.381157   36.289690   40.746093   58.199206   59.726480   69.305104   69.399587   77.407551   77.567679   80.635580   85.038269   85.125925   86.123785   90.764846   91.259652   93.714481;
    3.705975    9.003275   21.192460   23.636287   25.151632   29.071522   30.993678   37.495227   37.507158   44.426250   47.140085   52.700225   62.176591   62.377795   66.795172   68.198956   69.008312   71.535362   83.407977   84.260921   89.856417   91.786148   94.412140   96.353838   97.052293;
    0.264906    0.971592    4.081839    5.914000    7.805919    7.811426    8.243921    9.589196   21.097470   23.500411   38.117824   52.901607   54.904652   59.636892   66.254043   67.903294   73.312772   75.853477   84.326487   91.941285   92.969482   96.893740   97.411857;
    0.405456    8.424945   14.170472   18.828277   22.259807   26.633904   32.788188   35.260905   37.296089   38.597483   39.398916   41.179455   47.901427   48.226809   53.565053   53.576637   55.218245   57.470591   67.217865   69.702195   85.125038   88.546865   90.482986   98.362877;
    1.882781    2.492012   11.654824   18.371782   35.427859   42.887394   47.219028   47.987557   48.965382   54.202256   56.836583   59.058438   63.748435   74.059803   77.367346   79.426196;
    3.803356   12.508424   13.047303   14.098902   14.173656   16.227393   31.694677   33.377990   35.223299   38.061151   39.744315   41.154825   42.791558   44.589374   67.864603   67.866406   68.566932   68.758130   69.721494   70.625014   73.464021   83.350319   85.956716   88.009771   92.544568   96.588935;
    1.042957    6.281478   11.446386   22.679409   28.556615   34.674294   42.634604   44.080140   46.625444   48.084098   51.598767   51.877218   56.510761   86.643300   89.426394;
   14.425774   25.646072   36.591907   36.980815   41.133352   42.868102   43.119373   47.723993   60.769610   61.046721   70.890685   72.469564   81.448311   83.714579   87.114296   87.564507   87.882795   88.268639;
    2.680665   10.426958   11.495813   14.511562   15.918316   16.345550   20.087326   32.200833   34.173755   56.741782   59.778865   63.348578   67.945946   79.849661   83.867061   84.742303   84.829781   90.036724   91.219200   91.513972   97.214078;
    2.979808    4.408594    5.545197   15.799529   17.761631   24.529668   38.972147   40.720167   45.286434   56.643823   61.310970   76.441421   78.918350   83.389231   84.539995   85.811414   89.131216   90.938522   97.056658   99.843201;
    2.323314    2.607246    4.942981    6.527397    8.647844   12.014898   12.062619   25.082926   32.277604   32.494730   32.947781   33.217565   43.050415   43.243458   47.872974   50.602208   52.789265   67.701613   77.451785   81.632391   94.627217;
    2.216074    5.414073   17.105875   20.204228   30.492233   35.218334   40.480765   42.082719   43.100712   47.960010   50.715266   52.067482   58.352303   59.355010   64.322393   72.178776   72.377926   73.306632   82.617273   83.562004   91.263098   92.426890   92.966430   98.889971;
    6.230224    7.028313    8.326434   10.494419   11.155869   15.438604   16.548022   28.327764   33.812833   35.324057   40.012028   44.102923   49.889270   67.548516   90.417844   95.807549   98.343257;
   25.381977   26.487983   28.281733   31.151854   31.594429   32.332139   36.629874   52.065110   60.927428   61.165963   71.771319   72.634568   78.364846   82.994691   85.414809   86.790960   94.304161;
   17.678111   20.306350   23.836511   44.296869   48.527649   50.028288   60.162061   73.330195   73.895232   75.317263   77.283541   82.187836   83.444289   86.935906;
    0.223781    9.347889   13.043935   14.785055   16.493753   18.258163   22.951195   25.375510   27.471140   38.502341   42.125496   55.140203   62.577711   63.027900   69.380743   71.886382   72.815822   73.216223   76.540750   78.709516   81.998583   83.925310   85.412882;
    3.078264    9.729381   10.557791   11.950479   12.090311   15.412008   23.393869   29.977946   30.604784   32.711784   37.397216   44.696319   50.959098   57.591475   68.036049   69.248889   71.127530   72.318194   91.607841   91.683024;
    3.621624   10.329031   17.866597   18.844365   25.834024   26.590573   26.758037   27.568684   32.843222   36.825295   42.462246   60.268375   63.803608   64.276168   75.450800   75.796200   78.505376   78.515671   98.021339;
    1.057853    1.371234    2.550272    7.488751   10.667680   20.375641   25.510569   28.214588   32.584331   32.783434   38.701342   43.639380   51.536848   56.890271   62.494679   73.506030   77.698773   80.221410   81.733153   94.181999   96.901482;
    2.169683   19.996277   20.657489   23.120012   27.408305   28.328731   30.519332   39.096533   68.277313   69.249780   69.795469   70.760594   74.380774   75.386320   75.708149   80.609257   82.329703   94.387890   97.664080;
    1.631604   15.954660   18.945992   21.425002   22.985013   23.800529   29.480411   36.411570   40.571469   51.898939   55.984766   62.878553   63.420587   63.424116   64.957668   68.997342   69.774092   89.602378   92.731669   93.760452   95.446751   96.517797   97.999822   98.352160;
    2.509059    3.512743   12.117342   12.211352   16.428013   28.717387   32.909833   40.211198   43.602005   48.334424   57.116972   59.739290   66.828216   68.516436   76.677078   81.805016   84.123629   87.590165   89.465956;
    5.144763    7.363818   11.648284   14.080589   14.348136   18.142088   19.220178   21.043416   22.147748   35.855934   46.883142   49.611901   54.592896   54.963887   64.241366   75.718222   84.546379   85.346650   89.195558   91.179824   91.863858   92.338250   94.495801   96.642946;
